"V1","V2","V3"
-0.318287428197487,0.366880302141914,0.781422069293317
-0.139561713623398,-0.674212222262747,0.100691537602851
-0.0212227545126757,-1.56000917665696,-2.78743526783678
-0.488690071527182,-0.11024816205062,-0.47091359513186
-1.08362841603957,-1.04308345565503,0.128120883162033
0.714839294101544,0.8524956491136,0.974657763106004
-0.242500524912638,0.306090641606839,-0.13035845260596
0.419423238585449,-0.697352759240766,0.0765451506861212
1.15771861798553,1.17132048969573,-0.429666202920604
-0.699319941642002,-0.0647597427585685,0.625994700679229
